jrozier0,6gyngToqVsr
hpina1,k8WKnqu
hboss2,BFAkzVAB
scaldaro3,LUCkgdyPTH0
rdrew4,sFf9JJ7
msutcliffe5,zgbrzcb
tbusse6,FNduFr2e8ar
cloveland7,SKT9o2YqX
apolo8,NNhiQh2
lluna9,Ps8SUM79oy
svalaa,Oz3cAL2CBZC
khinckesb,PcnxJC90l
apilmerc,ofpgBFRklW
jthomsond,VilAyFk
bfowldse,3lTPxclW2L
prawstronf,HN7vOLP
rnixg,GDHZGKdOhJF
tskippenh,5NkbtouW
mstrickleri,hTl6GGfA5coV
afosherj,16OsG8eL
dmongetk,AaKwQzy
ikahanel,D28pr5hzRK
tlabittm,IKla4In
rsynnottn,DviwKX7HfF4
hgundao,HxBbqL9Kfl
rstrelitzp,39rHIIfqDd1C
gshaleq,4bqcQXKXl
frownr,MQivV0XBYd
ajests,cWOSpzR1uMG
mgookeyt,PcbnDHA4v60
gmummu,YT8gnS
bisacssonv,NY87KzWgvDi
dhendrikw,WbBGzCoJ
ahileyx,pshmap61
rbrigshawy,IDGI44Ws
tdugoodz,IjWqVHwiIz
wgeram10,Yqql0zti
znorthway11,JfiIYnnEwFU4
vkaasman12,5S2DZat
lwarrillow13,dULFphWf
rbraxay14,9zAVKEbtYMPS
lcull15,yYocYA
mhicken16,Fv0cj1JY
fmathers17,SYf37k
btoffoletto18,CZMSPxyD0X
bmorcom19,yDYfU1Nd1WAO
ddavys1a,d9BWm0ViTmi
lgotliffe1b,jySOQJ
sdunniom1c,Ux9NsZ2HTzJt
cdigginson1d,Y3x5pOV
pcaulder1e,PRjiLz5aUA
mpellitt1f,s4sRghkCC2
lpleasants1g,5jN0caCM7c1
omacillrick1h,kUzHmYQ
rlethieulier1i,jUntzPiieq
nthomassin1j,1DQcprjm5
stinton1k,6aofnPbvR3
sgabitis1l,cOflhDg
pferrieri1m,w88FNgNMdldt
chofner1n,oYm62TLVKECr
estanner1o,LZsmCBNW8TC
lragat1p,vz6bx24sH0
dhusbands1q,oFfX83t3FvC
bocrotty1r,gsiRfz4
damis1s,Utt9nYVDhHCC
svanyashkin1t,1JpRsMt2
cdoorly1u,7FUlcUZ
ychalfain1v,F1zHSuDolT
nboother1w,t9MbomAmjwu
nbalston1x,JSefgO1p
wrisbie1y,isGN8ZWGo
rheathwood1z,Ps9pE8Ka13I
kpavelka20,3PgzmMN4DL
gpetren21,ei6JEyMvqx
blumsden22,fgYm5n0
dmaciaszek23,zdVmyWK
mdacombe24,Hzbnx2
tgiorgione25,5swOyXBik
hnancarrow26,hm6TS1bSk3D4
ggeggus27,qmLk9PGSXr3G
ttoghill28,VYlWn4SN
fwallwood29,aNFBM00iGqoD
dfrane2a,7XfWQL9EjQII
rvolant2b,s2pWIn8
jtomicki2c,ZInN2zgMtMW
araulin2d,S9o9HqsORAXU
halves2e,FMbG6x1Nu
ebaudrey2f,CR55CCSeN
clethibridge2g,yXvEbO9V
adevereu2h,zpOfyFa4
rlougheid2i,tdhk0NT0b6
mpetrolli2j,5qA56dRK
achaldecott2k,694p7vNgLo
nbliss2l,xlYhpmTtP1r
sgyde2m,z2Ru8hq6B
lsomerlie2n,5nJUaF
kluberti2o,JVNEpg1Ox
mmcilroy2p,9DVTOd
nquaife2q,0w3A7C
rstarking2r,kYEdmU4p7b
bgatchel2s,He5Og3gDfJbo
rabelovitz2t,aQKkAO
sspurrior2u,hWw6hdQ
ashay2v,dkLmF0S
arenish2w,gpMZztUkq0wt
mgibbonson2x,OxuoC5Seldu
oballe2y,7QfPfL
acrufts2z,eaDZcQr
echatan30,6ho6x0xp6ArR
vrobel31,0RrcdglN
psjostrom32,RjnD6A6R
sgunston33,3M1vJd2mAO
tstein34,3FGiemgxbi6
rburrett35,wISAfrX
aosharry36,eQUO7fh
agrigoriev37,5UMk6dLD
aidale38,5d7YUy3G
rwestmorland39,UrNeSc
aclawson3a,SJvdEy3xtsQ8
eyeude3b,WczKcByV
marrundale3c,1wH9Sjj8ZkG
bmanvelle3d,QDGqyc1ISdh
sbeldan3e,YTL55EqSADbi
fchristophersen3f,3oPaVJC7
rdolle3g,NM4PHBTf
smiddup3h,JpgjyJQ6FJ
mdanzig3i,bEa1OOYwBIV
gmccreadie3j,mfrIXJvul
bbougen3k,skq6m1eK
mgoodie3l,lHeDozqUF62p
vbarti3m,rfdNrKF
mbrotherhed3n,IjgWw90b1NCA
kgrzeszczak3o,jN59PXvl
jroser3p,iaBtRV6cjKG6
glarkings3q,alVWd92
ctook3r,JD4x7ei0rhL
asteward3s,p4o6CKEJbf
bdisman3t,w7171XBRn
lmadle3u,H5YzbtKWcsA
plongland3v,E1DZGRLLzbK2
kculbard3w,BfY6n0P
gspatarul3x,gccvU8x9F
ahares3y,WSjvuwjykU
cdemko3z,kVnSDPf
smacartney40,ZdzUZPQIb
atargett41,yVv1oWxlG
sszymoni42,dlW689ES
cstickler43,TTHXBrCf0bKU
asoutherton44,lYcaTDPuLsrk
gmarjoribanks45,13S2sMQR
rsheekey46,3oXeOmP
esolman47,hOeJy0BpHE
ssikorsky48,QMG6zQztC
gjeenes49,5rZnM1okN
tkobisch4a,bvXSRIgbwItV
tdegouy4b,Ob7gj4paMvaz
silchuk4c,2FJ5u9jlP
dcapps4d,kkCnzuh
aduferie4e,uHMf7u6
bamies4f,f0kn0915SX
mleverage4g,1YS5h4Tihse
wforre4h,dV2JxkJcOfVB
svargas4i,0tgkGdQnD
cwinsome4j,Y3WN6S1QU
lzanelli4k,wl0ZkeDut
bnordass4l,BaMmLIaN4Qa
jdouglas4m,2G5QqPu6sQKd
tpetrolli4n,j8dcv1Ws0Dlw
lchiechio4o,AxQepCwhfAjT
thalladey4p,HOw4GQGsXbJ
rsearchfield4q,TfObLVCiJ5p
ntams4r,sUcMdInJoZ1
sgaskamp4s,WkizFqY8qRn
awhitney4t,LBvydB
aconquer4u,GH8nJ02a33
bpetit4v,60M9BtJADTmK
mperrington4w,H2aDnEc8MuC
bhocking4x,vkoqyvXAXdRU
twyrill4y,Fy6mtov
aport4z,laSdb4
ccritchard50,Y0ymCt
jslemming51,NPlLLQAUuu3W
ctutt52,ke9iZg7ve
vpicknett53,Y76REP
bgabey54,YZLgRi5q
sneilan55,VnYymC
ldelagnes56,f8FG4e6Y
pbouller57,FowRd3
hingledew58,whJXnPQl
lhighwood59,6p5qrbFEqQ
iwrangle5a,BmtvJM83V1GE
opinfold5b,XAVxEi6Hr51
ntesseyman5c,AoZkFChmh
vshearmer5d,sFKu6LKgtJZ
nalderton5e,UURmoB0oN5k
dborrowman5f,Wkc7c6n9Yzr
apoundsford5g,spC8rta1weR
ahasslocher5h,PVS7eC1lf
eduplain5i,iDqNnoG
lkybert5j,0Gq1NES5aE6a
agillebert5k,gqK8X3uI
mgreenhalf5l,H2btJKBLIpY
cduckit5m,NJuu7c
fellicott5n,aZnDvKn
ogreetham5o,BjRyVflUpoC
kpandya5p,cT9pZRQVa
lmatushenko5q,6NejBXiK0vSt
bgranger5r,4DMlvCamS8O
rconningham5s,y31Wrhxsi5I
mmeys5t,Jdm70Zp
hsemiras5u,UnGvpHqdc
cbosley5v,g6CEiAOlSNUu
phakeworth5w,vfCR1oVMmCq
amettetal5x,OFsBBHtul
cbruckshaw5y,eWLOktqbP0V
darlidge5z,DfvZUG057D
gfreckingham60,cJVHxAneNm6G
fbracknell61,dZ7rmmaW5
sfarragher62,EBS3Ofm
emullan63,tNsqlsSb
ledlestone64,Hnucbh4
fmollindinia65,ANCeOy9y0
wbeetham66,gxwwTI
ddundon67,Za7fLA67YfBf
ybillington68,kLcklUgcQpKd
egoligher69,68LC99LV
jmackney6a,kvwo1kwwsHA
bburd6b,SnloWto4m
eimesson6c,QjXxCfUWtHzE
mbasham6d,T39QaZpZe3T
fguitonneau6e,qwQPRmaWe2l
ibaudinot6f,XWL2BCUdO
mluard6g,ggDYaz5ZoFBE
pcobb6h,UOSDzyqoaRlD
tbelfrage6i,lv6iwNDhJjrB
mpetracchi6j,QRlY4nbZPQy
ygellan6k,fXByi67Q3v
jvinecombe6l,yncwGf0
adodgshun6m,0QK8jOKiNY
kmonckton6n,OJPz4X4R
ameanwell6o,Jw1crA
wlownes6p,pGMELQxNGAXG
lgovett6q,ckD2SDYj
wbeausang6r,MkQBGxNN
amunton6s,iBZj7JAYVVU
ldibbe6t,w2kVNV
losesnane6u,17zixAQTE
tcuthbert6v,cGq4dv0hLh
jperrelli6w,sHMvFY
jmougel6x,oQziNJd1
kbould6y,d4FG45q6K
gstood6z,8FpZWe
mcastard70,sfJxjTaLp
rrodda71,1rdUhevVQH
dworman72,tSWvye3P
dgosland73,H3LPhHqtR3f
kbartholat74,dTUZU82B
ywastall75,wJSObvlgJDG
mrudgard76,l3q2jO
vpregel77,zuo5eI8Evi6
shadlow78,oPgFQylWqYd
cduinkerk79,0TpghIXa
mwyon7a,3669DG
abraybrooke7b,tecDVl
bschrinel7c,dSKJaCaXD
wolder7d,FLpWqdF4pxV
ckilbee7e,6I3Jb3hb7n
derratt7f,vDE4lSf
hwychard7g,rsRpFWx
csilverthorne7h,2sg98nuGL3Qr
ozeplin7i,h3lVDnl
zkennelly7j,oUjG0t
fbischoff7k,bIAIK9E
wmersh7l,6vtJgpamNlk
vbywater7m,wPpmylfdN
emityashin7n,QSZ2jDGmwn
theindl7o,Y0Iwpr
nbrithman7p,H4XbNgbydU
kfish7q,pPbBpf5CJ
jgamil7r,VAkKawCx
gklishin7s,TeZLy3971
cmcnish7t,jZA4KVibE1
cnowak7u,VsnwfVf
cbrickell7v,ZZf1poCNd4
jbrampton7w,ij9UunUq
mdrews7x,eK3WfGtul0HF
ebencher7y,GPY99LLKhxK
apitkeathley7z,HkmeAh39A
sestcourt80,1F3O6JuGr
rbragg81,y1iU7Lxso
bspringall82,YGQqx0wiib
sschiersch83,3Yp1CFKkm
rbalogh84,5Jm6OK481
cbulward85,k2h46Uh1Ek
mpinks86,2w4r3euO
rcunnell87,ZsCOGbQchYN
abassindale88,CeSV1Hq4Tdp
jrockcliff89,oPrlCRt5rL73
mbody8a,PaXBw9o0ZB
wcollet8b,z9T9lYwX3a
jgrigoletti8c,edpVPzWf
osantorini8d,OVoclTuNtj
rrewcassell8e,0UibsXz2Mr8
ostudders8f,uNCDiD1
escrooby8g,eIs2opsrLag
jbehagg8h,Tv0jP0KB
mderham8i,pK6GP2
breiling8j,y7ff7LOTX
scufflin8k,mE4Xyi
aaspenlon8l,ToDAbtj
messelen8m,w2txfLL6
rchristol8n,rWuiffNXwtX
wlarkworthy8o,FTasydCgExF
mtiffney8p,y4hVUi2S
jgrzelewski8q,cHJJTXJ
dzannutti8r,HU4zqJNYn
spundy8s,d9kmas
cgilman8t,tkn1fye9
jmckinley8u,pYKiI30xIi
cmcginlay8v,YvvLYQ1
sbarrett8w,kM5H0Feib
bcastagna8x,huxxK7NkliQ
spoulglais8y,I77HhUX
kleyden8z,N228O6dtFI
fpasby90,fbaWlz
fmellmoth91,72mspqmOlnYB
alorkins92,cqsOD0lP3G6t
larsey93,7RNgjbZ2
dbastiman94,dbJ4s8iKuIV
kmantrip95,ly8jHdtRRAXj
dabbotson96,RLYRsL
emanach97,OhTbF6
kskipton98,WLp7FPn
bcunnane99,u5qVEzy
llacasa9a,T3h2DH
mbrackley9b,GHmoUJXT0s
tchoat9c,EGTrJAEI
wspleving9d,Emagyk
lpicken9e,lgff7a0m
rchene9f,tFkqPuj
spendrich9g,zXUpql
cwesthead9h,msvE6jDa
cwollacott9i,raNVtKhqW7
amoy9j,xc3HpbCfv3
eclare9k,rJJKDU
cboxill9l,pDtVDeS3WFYt
hbugg9m,g4WxYAVL
wmarchant9n,HdyAVdmn
pdomerc9o,rz57hUorUu8M
kgrahlmans9p,rhaZz54ypz
kfreemantle9q,0thiBnVAUce
eglader9r,NxjOor
dyorke9s,29brKIH
irittmeyer9t,ms1kbEo446IX
lwoolmer9u,ieB5u6hSG6
ppalfreyman9v,dXd3G0JcR82
mteesdale9w,5M4uvU
relizabeth9x,F7583H0yJtP
dgamell9y,JCK6eBRMWMxC
bweymont9z,WbktEgN06aA2
dranyellda0,wkFJkn3qabSN
jhoflera1,f2wGZQl
jmalzarda2,T16crg
efilipsona3,3LDTmI4y
hwringea4,to6Nz5E6
ccoysha5,Lt07k7jd
egoudea6,o3Kfrk42Uo
kbaszniaka7,188DNufBj95
bjanosa8,tbT9uJ9RDxG
ktanta9,CKVhzjyY8hLF
btsaraa,MN2mhdZ
mflochab,yDFL5tEDh
mgrisbrookac,K8O9CK
lwakead,Fi4GuWYK
rsockellae,mNGb6zzpWG6g
mmcasgillaf,lMnqASpzvzA
shembryag,mM5UvzG
astentonah,NbDkrHHjzq
saringtonai,O1HedNHxMeQ
erawsthorneaj,yoGQF18hgpP
cjeramak,UafvFwEbO6x1
mwilsheral,mE331d
ckibbleam,KYgigDjyuXlL
mwortan,9HBM0o5lVr
aburberryao,wfkoLF
ibreachap,E0bDhWSh4l3
dbrandacciaq,CCJCkEraSRfZ
ipocklingtonar,SFahb5it2z
lsheardas,lbW7M9v2
dbradmoreat,WDSBh8Ryf
mtremoilleau,jH5EwibtUcL6
cradnedgeav,b3DnFufO9d
ascriveneraw,k3kOvb
kgutowskiax,h05YrH7gsxTW
cmatisay,y6czI0
okubacekaz,w23Y1ts6
gmaypotherb0,9Lr333U9xILg
elymanb1,7tS17B8
rcarrivickb2,TkQ7uYz4
lblaisdellb3,5o9FgMwo
dokerinb4,ilXLSGgutxJv
ahateleyb5,3uIA9I
uwoodingtonb6,Aw8zWl1vLSYx
jlazareb7,1btFZBX
skennefordb8,BQPVaZABdH5
tfulhamb9,Etl1H7eFkKC
zmenearba,LSoR0Eg
kfaireybb,lRu5Kp
acurtaynebc,l8ONxyrxP
edunybd,ib83RdEi
hpochetbe,2VoUxMT0mZd
vbernettebf,5fon3yC
atythacottbg,bvXfGf
saleksahkinbh,w0StEAHdYDuF
tpetersonbi,13sKXJTDGak
sfidalbj,sNthKXJi
gpendockbk,yRPD1otD
agiamellibl,50WAmkaq
nubachbm,hJEZQH
twealleansbn,geXNTmqi
elivseybo,whR7lt
rallardycebp,SlYyK3utW
efardenbq,9hrKoZFFTZq
emainwaringbr,16OXWTrTF
cstigellbs,ebpW4K
schatebt,lxb7L2c
wcopcuttbu,VCNOG2
jconrebv,ZBKIR8
epindarbw,vEK7Py
cbernardezbx,mAOU2yAV7o
rizakovitzby,u1zLue
aquereebz,S9E5xQ8m
bpeschkac0,AggFY7yNFT5
crontschc1,JctmVBeo
gfusedalec2,kPpokfttu8LO
sbairnsfatherc3,ao8ASdebYO
hraftc4,tWwPI4
ltenpennyc5,9nOKe98
amottramc6,aFbXYx0U51R
aduffitc7,fxG2JoSct
sdeathc8,TzgEC0
cpottc9,WwfUad02z
ttadlowca,sxGGy7
feverilcb,inVyQQVs
sconklincc,9rdlYF
pallcottcd,HDrhPC38CY
mkystonce,yhyTxgKDRO
tgibbettscf,NlVkVGyW
pstrotonecg,ie65YAzZA
jgummorych,qhg3nIPcV
vmiereci,4VdXlO
mtournaycj,AiGA3iC5uH
eperkinck,m3zoN1k5
cvassbendercl,HAGnjkN25G
smarkiecm,tdjHVCgM8u
dbjorkancn,IGWJHHQEmV8
gtheakerco,TN8ahK
mrennickcp,b9dYHPVPJ8h7
mbuttlecq,X64vaNC
fhanckecr,Aqkntuj8X
jsimonscs,W006s8a
tfrancescottict,nbnK5DTGgNH
athurbycu,Z1qmLEbrQrSU
wdavidycv,YKf7F50cEe1M
hvearncombecw,fbGS5zWE
wdougillcx,uInmZGRe5
kditercy,4z3K3iYr
lgiraldoncz,YcS1LG8H3V
rbaackd0,kjxzi2
ktouzeyd1,jvJ5ge
aalejandred2,Z81FPnDD1
rjurczakd3,O28ExyT
dreavelld4,1J5rLzfdqE2
ahirsthoused5,CcQ8hVXJLoP
lcurnockd6,sIaRS7kPWro
ftoreld7,j2yDysl8kF
phennemannd8,4tSg0rfTRw7p
wcarlucciod9,4NQupa3L8I
ndennistounda,8iErj2GbZ
okernockdb,dZ0L6dYjljte
wsaffrandc,foZoBIT7P
asaffilldd,CWaAIMl3fwZK
shaddestonde,Dk6Nd002L4
velstonedf,HVh8gBzN
owealldg,VqF8JXT
jcussendh,5h3Bw0T
hhanwelldi,Nas5DqMYrGot
tscotherndj,4DelUA3HnU
ekoubudk,4x6KVv
rmurchdl,IYo5l5Yr
rcozbydm,tePhgFhebM
cmclauchlindn,a3IzDap
nbevingtondo,7WLINYZ
blohoardp,XJd9dS3jnt9u
sshoresondq,k16JqYyWwm2
nastleydr,6n5RIywkfv
jeshmadeds,VKcWF46LAjj1
gjandldt,6Tu0OT9gmEW
pbriskeydu,uyM8aLdrTIOf
espaldingdv,wKxikatj
mkleeweindw,AVhU4HAIFjo
cbarnhartdx,w7lpcp
twylltdy,u5mp2c7cEJ
kmacmasterdz,l97Z7kFOEVY
rsilversmidte0,vu1VskaSL0
cdrisselle1,8HQTFVk
gwahnckee2,VJtQVL2z5w
eshepearde3,gJSTZivmr0EE
rcollingworthe4,lHn4Zbb7o4n
amuglestone5,T69wiu4Q
missacofe6,2bZKkG0719
giianone7,60Fv1IEq3hc8
tclaye8,UnEu2Xck0
wdemetze9,UAtAsLREES4U
lpinckneyea,gwpKun
jmcrobbieeb,dBRGDX1KGi
nloynesec,2Zj6bCoR
smixheled,SUWgBE
smoremanee,MeJFEJ3w8D
emanlowef,dX4ydxVr
mrevanseg,bDM1vf5oT
tkrugmanneh,CzrIj9mphK
nmannersei,QOLtaciTCS
ybaldockej,sz2yXDhk
iorletonek,ycO4D2qXhEiu
cnenciel,3MQQtZecDu
gattleem,GHJu4oYt
tduerdenen,yTU8xGC
jgoldstoneeo,HG6Mc1nT
cjoseferep,WEygN7Q6
vbernardeaueq,ibkJUI
adaouster,3Fn9MYflTeQG
arichardeses,qoRLguLTznYF
bmartelliniet,cQXsZsD
zdegregarioeu,uGnMQE
ccathenodev,d5eGaN5
atoppesew,JQqhD4Y1
lbrecknallex,i7MSTnosHIUK
sleddyey,vWzLnXBowr
jrissomez,QHgycpG2J4kV
bbohikef0,nieUtyZdxGV
jeburahf1,N0gI8d0pVJ
sgarriganf2,L51tYz
gcumberf3,Yx4HHgOcf12
fwillmontf4,vlNBQHZ
bcharnleyf5,rJGRT4atCn
lanettsf6,qgYpVX3n0a3S
splaydonf7,KJs8eKEw8MK
bcaunterf8,BDLQM46
thaslamf9,WWEMnHuA3
jpietfa,eVXd7P
mdodshonfb,F54zakAX3H3b
erameletfc,M8POx3iQ
randersonfd,dTtoQGcNVM6h
bneedfe,FdzN1qt0I
mstockleyff,ZFjl0L
vchippfg,Nhp2Oyb1Jd
hroubyfh,5gkhb17
azamorranofi,vBNvebgasm
bdurbynfj,NVSUvdj6n
staskerfk,lAy4ZrSRh
smarkeyfl,IutgKWNu917
thynamfm,csthMB5gN
bmckimmiefn,5OXI37j
chirsthousefo,s6UJaFib1M
ltaggettfp,rTRQuOQ0Ht
hmacpadenefq,2FyokF
mabelovitzfr,SbtSXGp
sgironfs,WlzILvM7
tscamadenft,G3wcYWH2qQZF
hbeirnefu,SInJXSs7
edensellfv,gzKX3zTNKonV
dkenwinfw,ZNBUYC0U1K8
vorrowfx,hbMH5XN
csummerillfy,zQFtOwQ2W
mlebrunfz,2SJyR87CeZp
mschwering0,jdkAEeNz
ccharterg1,lpxe7wcxkM
mdavidovitsg2,ky7jvhrQ
dtrahearg3,2AJfuz
kheatong4,087GxLWCphYa
jyankishing5,yWmYEt
vcanetg6,qBD4Nmrhw
ltheoboldg7,2qsxMPjVT
dcoraing8,yrCPsyyXDZv
ifulstowg9,oruZ3Iw
dseeryga,qmNdumjZUi
pkayegb,lzWURY1SSc
edorantgc,wnJXELv6R
rdabrowskigd,xL6E3A4YcV
nrashleighge,YZ5Gmn
ccronegf,AoxWwQWNPE7t
obourbongg,1x0mHTq
kdowtygh,ds4nN4x46
mlillygi,r92mu1Po0l
narndtsengj,pqTT5Q
rphilpsgk,KMqoGyl
rmiguetgl,dki5Eqquo
nparlotgm,fmh9WSQ
egainesgn,n6psEVq6w
nlockwoodgo,HWq3NLuXC3eN
nbutterygp,h7xTxiM
pcrollgq,78LuJZR
omoatgr,Ud54Q9Lwf1Q
mvassargs,Xqebf8rzaWvM
ksenechellgt,uVdncmTlmg8
rfairhallgu,q2UVSLmr
lbaribalgv,g1J32S
swyliegw,1t64RzL
squinceegx,4Ar1gdd
vjiragy,IckDBm
gchestertongz,edqVqcDZzQ
lcastelleth0,haSYsf7K1bmN
colivieh1,7WxXod6AHe
ctuohyh2,kT2Rhqo
mhinnerkh3,IrY9ad837
anewnhamh4,ajHrXUHMjW
blungeh5,LBONTTw9
opotteryh6,3aLvDN
tspittallh7,9WeGrv
druppeleh8,xYzXBPIEuHU
jverneyh9,Mcw6x9fxyu
pmedgwickha,q1jINAKIA
gredsallhb,6TCwP0PSKh
rcapaldihc,eaut5MzHBAz
mmarikhinhd,BzYTWv0
sdeakinhe,xBk0fVE01d
mgreevehf,8WzAZTOiqn
abowketthg,ztBV5jOfLCw
tcayserhh,WNvwRD
ftidcombhi,JglnvK
lguardhj,k9D15fDj
brigglesfordhk,oHUBWaSkRE3
pthawhl,8xWvHMoOe
ykleinsmuntzhm,3ysn04NmrT
lvidelerhn,opGHeA
pwilbyho,cv8uBKsva
rgearehp,nNtBnp283Jqv
lpenashq,NcLWVu7
lwaelandhr,HqaJjCx
ctrynorhs,qFR3Jg
jrooht,XDeZ1IPgC3hj
cvankinhu,xDkUdo1bt1OE
fflayhv,g1oP4L
klindstromhw,OWGiTx6KBk
rbalffyehx,WY7zyubDIjO
gpunthy,vq0vSDWxhtE3
mkovalskihz,BMuEIVy
kbortolinii0,9BoqkwEWh
lmaytei1,X7YxJa90ucD
fjessopi2,Fxym36
gdebruijni3,VikmhzKIUVqS
cspurgini4,gQj7ea
bcordneri5,ADgIA79V
zkastingi6,75rj0Fzdf31
fheintzi7,I1kj4pDJzlgN
rpaulei8,QSKz7TtMx3W
vdarquei9,YATDv7H2
eschusterlia,xRgf36koIB
hboshierib,mO5ojiACpfHS
jmccartic,fYTurp7
iridgwayid,DJs5Is8
mstadenie,oqLxAT5RUQ
ddaneif,cdFRZXy
trogerig,O8iCw18AJD
crableih,t3mj7S95lnR
pbittertonii,NJKCD7NEeBus
tbartosinskiij,CqrVDHirPM
hsowtenik,0sSXGzbkz4E
tklaiseril,eYIBT6sdSx2q
wwroeim,24TOxrqZ
jglennin,FUP1wr
jveneurio,AlFsZ9zm
krichleyip,Ko28RrauzCR
pstaplesiq,d7gHKesoVAL
ndorrinsir,MQckJe
rdownesis,Kz7PTD2O
bmulrenanit,tvywUDi9
ekeyzoriu,AwsuCB
sshieldoniv,mg0g2n6z
brennlesiw,WxYdtZhJE
tsauniereix,8QeKsyzuP
lewestaceiy,ZT77jNat2
nbrisseiz,aksEHBwe
apablosj0,jV8rwPTVwL
jkelledyj1,oIrQEoR6AV4
oadnettj2,9DviodEj
ksimesj3,0GfgKDC3R
ckleinertj4,QBL6tdyNC8
ischlagtmansj5,1kPLdXD
rsertinj6,Fv5Y1SuAs8b
tpenhallj7,XS29OuXr
ntunnickj8,TOU05g0DdGd
fmactrustramj9,XfdRjhbMOjH
tllewelynja,I1Jvn568
ljohnceyjb,gk0nXQ6Tz
tsacchettijc,acBdohl5Jiv0
lwolledgejd,5CMdfLEm
edeinhardje,yXbvCuqlDxQ
pdobeyjf,RUZx1Nb
gnorthcliffejg,gbFf7ZDa
blountjh,d6iszU26H
bnassauji,JscxVyBPp
dbancroftjj,wbEs494
szorenjk,Nf2hpgFDIG
tdraynjl,TcSj6YmzF6Wj
ubrightlingjm,LQ7kSnf
krainerjn,1NmASZ7
lschuttejo,Pzv64JekmDTs
wgwylltjp,7SWHrlV
tblackshawjq,jH14Fqc6ixJ
frichemondjr,3JfQqT
ogildersleavesjs,JYe8OowsQrj
againsfordjt,VbBNOYyHm
hdarkeju,eRPWyt3t
cspreyjv,5uhOBgJLiS
ahumpagejw,ndxdU7QDAp
vgiuronjx,5958OIvlYho3
glyndjy,JVXXmST6sn
nlohmeyerjz,H3nkDFI3pS
tglavek0,EAcbBK
thortk1,cz2LfxD
jstrotherk2,JBWriLTF
tgoodbodyk3,8BS4WMlUj
mbanvillek4,9KKRfgdA
thartzenbergk5,bP8T9VgI
eklimschk6,Mi8wKr6RmCO
achamank7,MC82mZFSrjEd
sglennardk8,RkEjxY6Dz
ocottellk9,wBkBlzvN
arajchertka,4RzR7yHER6Fd
ncouronnekb,BolRJFdQF8f
hglencroskc,OxMQT83
mmunningskd,a3zVDRitgyxK
pstarkingke,9F0hodo
sglassonkf,ohO74fauO
bferfullekg,GLdbZr2N32S
pladburykh,CQYr4bDpw
cbeekeki,c66ebS7Vr
sduggetkj,o79Hp8ggY
mbriattkk,EtcJ7hYcWwia
lrizzikl,ZUsfVzXK
jkennewellkm,YhHK8csj
gchamberskn,EOnyDudO23w
kmacshirrieko,xxET0jSyw
ssiebertkp,VTfbNXFMKtO
ckeenkq,AhHjrmWhRL
ltapsfieldkr,dpxgm67v54sn
hwarrellks,abmvIh3
pjeannequinkt,QKYV2B3FhFG8
challoranku,RyslJ5B
tfagencekv,90zfMuVR
jrogeronkw,hqKufIkI
kcolebornkx,AFDzHz
tdungayky,1hP2h8BvNT
dkettlestringeskz,9GCJCleIc
lgatelandl0,jnzK0aC2
vrennixl1,h8UsCPaCHAEA
ffynnl2,6KLhGpFJGi
jgrubbl3,jrE0KWDV
mescoffreyl4,Tfg670Q
tklehynl5,SkLWj275m69Z
npeatheyjohnsl6,btaXOzn92
dkirkebyel7,oSZGs1
tgoodlipl8,De7nFDvhB3f
kpownerl9,VNluvGvJ
rjannaschla,usvdU3GTB7
plarticelb,QpBI5r5
mspinkslc,5mzUz7SEAr
dleethamld,L01rv5AIhs9H
jpablosle,TU6L4YX2kq
mbramhamlf,JJ0TTp4k4W0
hspofforthlg,MSthn4gy6
dkrateslh,Zw3ZIo6bz
bdeancywillisli,c371H9Dcg
tblezardlj,2oriBhC
jkarpychevlk,jxHUzQK8
lsteanll,NfK10LSu
dsalwaylm,l1HhIXcKS
hmaticln,uqlsOVCSjdb
cmadgwichlo,Wz1RaOEzyR
crushburylp,SK9BiagrnS7F
cbracklq,rbSyE3XVtTvf
fcrippinlr,7ApDCgkRlw
rbutterleyls,RiGOMmhwJxm
elabbeylt,XPuNruq6Hw
pcrimpelu,9onnwe
pargravelv,0DrVKngE7
ccockramlw,H7x1Xafpukn
ssantorinilx,WsUesbNpzWF
fbuckerfieldly,l66uwhymFpEj
aelpheylz,Sk07jubk
celtonm0,jWEpl7
uarltm1,HoVWKd
cmooneym2,O2qGZKIMPYI4
randrysm3,1ujlzSoQq
aslopierm4,OCTaXnQnGMO
bklicherm5,QSsY0Ft3
sturbernm6,24xSfwIS
tbensonm7,bd211WMc
hdelamainem8,sl6C7TQmaJo
kwallsm9,OIDYtkkI0s
cglovesma,TudgTJJM
yhorwellmb,xVdp15dMO2N
bkilshawmc,YRzjaOQpA
jpickthornemd,mlNPrMSB
spaume,qAvgHZ0M
spenhalemf,C5wnzcqbieI
spoylemg,tdOjQrOOMX0w
xruslenmh,Kq5lEi5klvO
vmottonmi,IgRchzP5
rtwellsmj,YsL5xUJR9m
mmannaghmk,vnCN4SqHDM0
mstivensml,NbxFVe2XOMK
lfetherstonemm,ixkiVQ4TRu
gbrealeymn,NVHNrVYLJ
khendriksenmo,xiZcdDKFPG
laddisonmp,tkbMq9NM
gellesmq,6Row656NGuEe
bmuzzlewhitemr,Hey5Uvbqh
dboogms,tiPqPSBPtLb
mgriffeymt,2bvIJnCb3
mcheverellmu,gNviQnp8SbDy
gsidebottonmv,9zwAkA4
tmccowanmw,HW66dnWuHY
sspiaggiamx,rx8n9dLjf
oredleymy,6jspQbudrO
dlangstonemz,sDcEBWvmo
tcouzensn0,K6iPDjE
stoderbruggen1,23UvkmssKw
acheeversn2,R6OkXzHo
bgeraudyn3,XPS0o7kVgI
gcluckien4,mbWUdxB9V
lclandillonn5,8RThBodNozzd
gmcarthurn6,M106UWXY
coglessanen7,aue2e4xtjBy
fpratorn8,X9ycHU
mandern9,2iFgLq70TPW
kscandrootna,YpSW67
cwylesnb,Jbt9df
gfilkovnc,dFlKr1qzCgzB
fheggnd,iTulpk
ablaxelandne,sLXEOr1iwwo
cjouanetonnf,rxYPhRh
tbenedickng,3ZRXHgiLGQTG
fwestcotnh,DQeHtyTkx
bmellonni,gfv549H
msteptoenj,sa05MXOxooQ
gkeyselnk,jFSCFBo5ao1
znewshamnl,vZc6HqFwq2
amckibbennm,lPv0Y4nl
abriddocknn,A5PAkC
lfrancno,TspvkvU1h
zmuzzollonp,lcIh9UxsQ0j
gvasilievnq,zuzzP2lpL
sapperleynr,ujDOJ0l
gmartillns,0aijgXwz
cgilliatnt,P1lt0t
bsellernu,dkeLeM4bGX0o
stresvinanv,kGlcjRIl
dstauntonnw,MEMnGWKx
jcrowestnx,sTvjH7
akhalidny,IE9kEWJDB
mblewettnz,5j3saJtUJoC
dferenczo0,7v1ZlmNkkFXx
mgiovanardio1,JMkdPO
hgreepo2,WITGUSlYOZN
igeraudelo3,3TaZc5Oc
rmurfino4,dPzHAruLQr
tlyeso5,OQrAUGUU
vledwitcho6,bAanSG
bdawidsohno7,3Du61c
aearlando8,CBpe4ZRKD
hlarvero9,3MnD2SX
cbrotherhoodoa,OniGRTik
rthistletonob,qU6p09dp
lwenbanoc,E1X4mR5T8
cproctorod,Thsxycx
ikendrewoe,oy0z2t6D
nellerbeckof,EdDwYmCEwAoo
mcicccittiog,wLHMBBW8Xx7l
gcreesoh,fK3uKUhuR
sruckledgeoi,Uo6uAY
fleveretteoj,DIIDuNeyVPEy
amadginok,5VsLqzR
sdavidsohnol,f4n0JcUV2V
aduganom,MT4F9BUJcSGj
inegalon,UMCpTd51om1R
rbannelloo,40KT57MBP
lisleyop,raEcES
cnesteroq,kk9aNB0CQ
aprendeguestor,5nlGwvC
venstoneos,dKPoKU7
fsproatot,4AerM2s5xHXR
svassou,08jDbW
emcveighov,ccrvVBX5c16
edoylandow,li7MgCmuTeIv
cludvigsenox,tWyZ1p
hrisboroughoy,dNMT5DlZx
shamsonoz,4t73BX3PXgCY
barundelp0,nXiWyI
sclendennenp1,UTVde4W84oYP
rbengalp2,YT9WBO8P0a
cjobbp3,qUpqC1N
itremontep4,Bhxpg3
draisep5,GPr2Ty
cdrysdalep6,M8bQ3Ct7AbLk
zdovidaitisp7,yDdvJdwPGFP
lkhidrp8,d2n2yEFGUal3
ogabottip9,SpUR5O
ustartenpa,ursu8PLdJ4I7
akesonpb,AwGPZhY0oE
tmalkiepc,I2g6wF4RDMaz
landreepd,CzTLqCYrR
rpunyerpe,cR6eXo8
mhowisonpf,WhwQDvWVrGAB
tjzhakovpg,dTic60
dmccathyph,L0Vlg6WH
lcasottipi,zXAnjQ8m
dmouldenpj,O2qppZ
rsegoepk,NcpGEDRtGgfr
ywaterspl,iCXI9mQ
bsimoncellopm,DRGGrDR4UNe
asealspn,QyRlxUj
dchevertonpo,lxEqDF1b
dgreeninpp,809VG6wo
jwenderottpq,CLIkK7LdlSyk
mdultonpr,UOu6geX
aforkerps,eLZfe5Wd
gplowmanpt,0ZxZvYo
kswaitpu,CQOM2t7q0
ktearpv,vEMoE8cfE
atitchmarshpw,MiH1DoIk
kbeltonpx,8A62SB
msiemianowiczpy,NGfxllap
agiacobazzipz,sot79k8o
dbatchellorq0,Vn4T6VKA
ckitcatq1,3n8kSh
asideryq2,cwM1miU
tstrowlgerq3,61QliMRl
stiuitq4,ujFqMtndVv
ggianulloq5,gyiMSE
zfacerq6,VPmrsldwxNcZ
fscotchbourougeq7,RpC8JGuvs
lhanshaweq8,hxbms3YK
htoeq9,Y1aKN6B16S4
mgeggqa,WEdTf1R
lbattenqb,ZkCJAev03
hpockeqc,qM1V2jV0HRjs
barmstrongqd,GPAlkq69
fsahnowqe,u3yBZj5pnW
hvauseqf,Nd8uVV7
amelpussqg,S1GGnaX
fvaheyqh,RiJ725cXp
aswiersqi,DUJpvUueEzC
kmcdonaghqj,iJ4yfCtvN64
npierrepontqk,iKsXUj6TtM5K
pgilbertql,ARHM68rFYT
jlighternessqm,RYvdIW
nhadinghamqn,mvNlXei
tbenceqo,PxhX2c
dgievesqp,SvYkQdaA
dloggieqq,QgeauH
rbuckseyqr,Q8S2NRmzzQI
largyleqs,pjt5iW0mTaA
cchallaceqt,dnKtsv5rd
cjoontjesqu,fxUBGFu
aallbutqv,mLAHV6
nwillgrassqw,mRkArw
afairhallqx,AEH3c3ZpRdnG
hsinnattqy,NMW7rA
idimondqz,1YXYVAsi
ajarmainr0,de3uJd4aJuz5
sdolbyr1,gkbtM7r
gjamaryr2,NFUGuD6Hz
nperrenr3,4aHWlN4b
egilstinr4,dFPEJHiYn6
alivezeyr5,2fehDNhRVMj3
rtayntonr6,Ni8kZtfWLZ
amillomr7,895bzVbxu
peskrietr8,WX9caHchfga
ofogartyr9,nPzF07MoVQxL
cbinneyra,0ElBQSwEzE
mkunzlerrb,jVU0oFbXpj
kkillgusrc,lxGaWohLPo
tnaisbittrd,oNZbvpgIM8ch
cellwellre,AKetw7bhlOB
bworsfieldrf,M253ip7
estooprg,MH268MbXSV
sfancetrh,1f9biz
mvendittori,BSB0h6L
escantleburyrj,Fs58Nb39
imcfaulrk,h49Eki
grisdalerl,vI8w0wGHI3n
acorkillrm,DKASRQhO
shightownrn,8MJimFjI4ww
apavlukro,4AHsCPgD
feklessrp,FO0FLHwOO
sspikingsrq,fPKRBqy9W6lO
alabrouerr,Zn0DcDC8sk
jo,jo
